firstName,lastName,dateOfBirth,address,postcode,city,country,state,phone,emailAddress,password
Denise,Walker,6/30/2005,16155 Roman Stream Suite 816,70000,New Kellystad,VN,Oregon,1186647941,jpeterson@gmail.com,5bdF^lR6_7
Renee,Morales,5/21/2005,166 Rice Plaza Apt. 184,70000,Danielchester,VN,Hawaii,9287104257,callahaneric@gmail.com,B8ArnA%t(&
Theresa,Martin,6/24/1995,10518 Joshua Oval,70000,New David,VN,Oregon,8917008585,briannasmith@hotmail.com,b&*7Xp6bLJ
Scott,Garcia,7/18/2005,500 Shaw Walk,70000,North Susan,VN,Colorado,9055968929,smoore@gmail.com,!9B7bB7nZC
Christy,Baker,7/6/2005,0164 Adam Trail Apt. 427,70000,Hoffmanville,VN,California,3244577001,jenniferharris@hotmail.com,^E3qyVh50l
Sean,Cochran,8/8/1988,19655 Obrien Pass Apt. 693,70000,Bradleychester,VN,Alabama,972-028-7079,sheila14@gmail.com,2bG40RIeA+
Tyler,Fitzgerald,11/15/1998,63287 Angela Vista,70000,South Dennismouth,VN,Texas,298 924 5713,psnyder@gmail.com,8798BUh5(e
Daniel,Fisher,4/10/1994,9901 Taylor Mountain,70000,North Jorge,VN,Massachusetts,+6527896454,dramsey@gmail.com,4+w8#6ol5B
Christopher,Lawson,11/2/2005,518 Smith Manor Suite 165,70000,Zimmermanchester,VN,Idaho,+84267542898,hoganashlee@gmail.com,7tOSOE78$r
Katherine,Chang,1/2/2005,1823 Joanna Harbor,70000,Tinaborough,VN,Maine,992-482-3810,qnelson@gmail.com,O%UMK1UyN2